{
  "project_info": {
    "project_number": "98223403953",
    "firebase_url": "https://olympics-3daa8.firebaseio.com",
    "project_id": "olympics-3daa8",
    "storage_bucket": "olympics-3daa8.appspot.com"
  },
  "client": [
    {
      "client_info": {
        "mobilesdk_app_id": "1:98223403953:android:7eedddff7499222be34390",
        "android_client_info": {
          "package_name": "com.example.tester"
        }
      },
      "oauth_client": [
        {
          "client_id": "98223403953-p5ko4rarguqmihle3puc9kri28ctme8c.apps.googleusercontent.com",
          "client_type": 1,
          "android_info": {
            "package_name": "com.example.tester",
            "certificate_hash": "f3b819dad252e5bd49b94e3761c10c4d1596608a"
          }
        },
        {
          "client_id": "98223403953-j8qari69l5ge8594rvhf6j21nts72sku.apps.googleusercontent.com",
          "client_type": 3
        }
      ],
      "api_key": [
        {
          "current_key": "AIzaSyCS0Rf3qjPbHeVmVNHPpjjBziXAK8D0LGA"
        }
      ],
      "services": {
        "appinvite_service": {
          "other_platform_oauth_client": [
            {
              "client_id": "98223403953-j8qari69l5ge8594rvhf6j21nts72sku.apps.googleusercontent.com",
              "client_type": 3
            }
          ]
        }
      }
    }
  ],
  "configuration_version": "1"
}